-8.76770386920376,1.56134149669618,-6.84823499371921,-2.55876158194715,1.13961235693417,-3.74061357079721,0.542299054296301,-2.23135933945222,0.55460819078015,-2.36654910754662,-1.44507906599054,0.0810596777504624,-1.1559590499199,1.02148182034154,-0.903420837929762,0.926448676583814,-0.647505618162994,0.409712049589238,-0.422221280887365,0.368785540827041,-0.581666161037967,0.717991625597818,-0.133518388027056,0.0294718538129791,0.166651257089917,0.129934451070008,-0.0788829206224657,-0.250818905069179,0.255723067334037,0.446842497689207,-0.104480172524874,-0.00312934675913043,-0.103469738869462,-0.296658886679049,-0.28819997048136,0.112368497195959,0.135113581635147,0.165214747393705,0.119241325723836,0.041510700426778,-0.203781773930776,-0.322453546258448,-0.047731821446104,-0.0499820636278852,-0.239178834744998,-0.131472717966976,0.0491308731322031,0.0648908200757414,0.130176519114181,0.128561466869256,0.057894781859113,0.194556285223576,-0.0476984405144395,-0.09724858081839,-0.087235040553,-0.0317923320032569,-0.0167814860863436,0.10400550662204,0.0120469231199235,0.00316396793498197,0.00348399982391089,0.0018457975251237
-7.1823872135448,-3.77339668967117,-5.73799812440939,3.26126517742439,1.43436598833557,-3.2431690690433,-2.29640047016564,0.886464088261047,0.838535166720733,-2.1512094458386,1.77734525596645,-0.524423256625925,0.673434148967951,0.988417697806077,-0.746684669077523,-1.1015407890153,0.70250283291681,0.445358436893564,-0.209938270951002,0.374520074213848,-0.420367228191834,-0.83621419878691,-0.0630181883177148,-0.124191526163034,0.138020741681338,-0.070295149276561,-0.0812755574653155,-0.241438978526089,0.0439707704819638,-0.498029254331176,0.0667094674086911,-0.0848401500658035,0.288730904112244,0.140670070507337,-0.11055918492025,-0.310349117809494,-0.129088524599278,-0.122311741419913,-0.0145311043302002,0.00974326193979656,-0.0683765865558136,0.405811702948696,0.00789693183501076,0.155789758299843,0.0320956346532618,-0.205638508682946,0.0110793896917555,0.106186070900349,0.127054439975223,0.117897222077887,0.0286828115393928,0.174682947707582,-0.132594010722488,-0.0849568726480411,-0.082889504188333,-0.0254842135762987,-0.0273985158656031,0.104041955662383,0.00945977478875455,0.00313142463307282,0.00359859103709024,0.00189747011521245
-13.0885803345482,2.19669018444218,-5.58880219574646,-3.16522834774597,0.934181089811997,0.112442974514223,-0.446069235360982,-1.27819666644381,-1.2637832565018,1.31244378715939,0.787855009717924,-0.402763305187478,-1.0100850316679,-1.04072442812546,0.849336934454061,-0.56148589704083,-0.0834655124653971,0.313577307398718,-0.320433237993743,-0.829364626326808,0.142253947068385,-0.429388970606899,-0.400080693272939,-0.102995657441871,-0.00478853161724026,-0.240877853255054,-0.406164379987114,-0.0376622883810864,0.166114418035183,-0.172420356860442,0.159833397957844,0.111538618063013,0.046429628987765,0.0693912222633497,-0.101807337534131,-0.198656023449838,0.0500536800372958,-0.133839216274679,0.366917273371205,-0.00770001779118766,-0.226006004859129,0.00567043813389974,-0.127505182966656,-0.163845933770475,-0.21949612313034,0.0335362264738134,0.15877030917188,-0.180743792791366,-0.224532451214293,-0.0100838661109219,-0.149015900385626,0.0281279209607622,0.116595993945662,0.134760029872411,-0.0421213585469949,-0.123866850166239,0.0988081103756282,0.153086948402426,-0.151379753332875,0.0799527134171557,-0.0482456363405861,-0.013835844036025
-10.6912700797488,-6.62862970625548,-3.72947240962707,3.14782422117729,0.817570359783076,-0.720659201981036,0.552134833251526,1.69372853778548,-0.372843598212008,0.566126064360689,-1.15019405586059,-0.38807392181489,1.29218015948016,-0.604159848285304,0.633094465173535,0.638173049144273,-0.186188796062032,0.518190330768894,0.851612874588639,-0.229486477729772,-0.0694981704425531,0.439728147895448,-0.445324161524072,0.151651292855807,-0.154635052623577,0.126856900485199,-0.423195031734052,0.0413891091884724,0.223196807472018,0.15197321356134,0.0902513673425921,-0.150875660195525,0.0222116936089952,-0.0973167129318145,-0.128084809505674,0.0354422613642695,-0.0319322655364384,0.215641199176989,0.270565468741265,-0.0235946084243767,-0.175039196140787,0.263978632351085,-0.0480155909815358,-0.0598433728996103,0.174509013189418,-0.106991763539745,-0.066837114932694,0.177236961508973,-0.228251057336721,-0.0600272869406781,0.187360228809357,-0.127347816352458,-0.0111100194238386,0.0874049899483662,0.0190827239896934,-0.00185161463881172,-0.185902802928857,0.0907387151449121,0.183043768273201,0.0968126735210927,-0.0542846990270332,-0.015397806787058
-13.9408852902092,4.95701736743445,0.0360792629706029,0.157752234315038,-1.14706913224512,3.40738463128758,-2.66162856394498,-0.167455513427049,-0.016239349737821,0.574844274535113,-0.0568664831658472,-1.41271161193356,-0.0999128278807672,0.720119305251759,-0.649672089493755,0.703055494225058,-0.245906524182151,0.41256996071056,0.55602935291612,0.440977974414121,-0.00769461782625336,0.164283291267013,-0.157712782110464,-0.163499146466766,-0.445333183905787,-0.302853778550188,0.585681363454051,0.426588820439361,-0.142340627765905,-0.0720982931117529,0.126606533613102,-0.0340085899002543,0.341000667132931,0.431538110734758,-0.107121999998254,0.346475523745623,0.174658162213923,-0.00289499676147229,0.124464879530651,0.0824474304329432,-0.0297733818104527,-0.0480373696347845,0.236801380721736,0.319200700035509,-0.117173665502022,-0.134723827932809,0.338293948057279,-0.106262566465852,0.045664463933795,0.112663018285834,0.198646663715757,-0.155275028416272,0.0720729955850747,0.0645629706959903,0.0684056418414325,0.0528938127135552,-0.0307844118912479,0.0772742399499491,-0.0513880892244382,-0.0372153952480928,-0.00896373571517395,-0.00672197455326004
-10.537734416369,-7.53373889950114,2.4157781221414,-0.427451301669752,-2.06375674752805,0.877554602083105,2.9512186038918,0.154782677465822,0.59857943132849,-0.352163905926404,-0.331326824038006,-1.63696546086627,-0.326234496916773,0.43383032069465,-0.221340206824065,-0.815592865900973,0.103635338150467,0.290158066006663,-0.70778435345263,-0.155701760724184,0.0564361181733039,-0.218631530911232,-0.133120988797955,0.163278202138698,-0.428979615880941,-0.259471572295933,0.579273139685005,0.331493533871048,-0.0540068514398198,0.180783881883952,0.0923081822023218,0.164124681195698,-0.479630528686933,-0.318702675834004,0.165506711555096,-0.183715894694086,-0.2916193436707,0.0296450699540047,0.113757881191987,0.0877172311758284,0.027204108904695,-0.0685885164126677,-0.0939865957628035,0.373388663772771,-0.046758464452806,-0.0776853189842882,0.0472365894065289,0.342504491610767,-0.0544894651727847,0.135098306082675,-0.253512564687634,-0.075988914141624,0.0291089786385652,0.107155336386659,0.0496717332870309,-0.00220223330287208,0.07353348780732,0.0597269452361907,0.0848399999732845,-0.0382695618698192,-0.0102771263367066,-0.00789914040354551
-11.4892988204721,5.25824805918188,5.49312656970796,3.42088202844964,0.670112744001177,0.104616559490604,-0.710243322530867,-2.28979508119665,0.263133863961034,-1.01777787301839,-0.995782753513995,0.0558266716820898,1.10505012109805,-0.882590009380087,0.774206179891271,-1.04715883796305,-0.518944437466023,-0.460542519685491,-0.730590405097978,0.305932711169267,-0.218254440152977,0.203503465468381,-0.582969602463939,-0.0593835024041693,-0.120358974141333,0.282585345942346,0.0781463588375714,-0.367708872896733,-0.424574053213375,0.00161180009804414,-0.319633370600477,0.0966330012235604,-0.175821796144134,0.279663879234912,0.0164941515266777,-0.143725153609404,-0.016106014724957,0.298569395115953,-0.0295780171045042,-0.262832158508276,-0.0506777457251426,-0.0310661118588955,0.0345885366453735,-0.184528352392135,0.342390504343442,-0.121957973623341,0.325982688654028,-0.0112053129551742,-0.014315597685104,0.10300460338003,-0.113937981966806,0.103398626420007,0.111590438067455,-0.0606695227366389,0.128130864278428,0.142214983551631,-0.0457276410645902,0.0332457911601969,-0.0226314656142043,0.0274279912204395,0.0176338547523241,-0.0187925745555104
-8.61018273116085,-4.3365505222441,7.05282296964387,-3.50848463898054,-0.398179522994199,-1.60706703253265,-0.583254080563349,1.13132354967661,0.735112566841687,-1.43955275133075,0.924658001513325,-0.287412877671255,-0.666632735834181,-1.17789824891685,0.797141277628541,1.13987300676894,0.322368384962619,-0.306295077204714,0.369951493168193,0.790970698533803,-0.214855746001976,-0.267854230841383,-0.581273282244499,-0.13023129771576,0.231992975054428,-0.208257448044919,-0.00364864433204909,-0.179433860462609,-0.429815071065232,-0.0162492004865024,-0.342140140081402,-0.131372899076635,-0.0150955586635817,-0.128894038522174,-0.0406647713110881,0.237795382843756,-0.098779807404534,-0.307324344253113,0.0540697768919594,-0.264172938995764,0.131061047887761,0.101126894446716,-0.111968926190752,-0.194173799108633,-0.219466148223054,0.23762231947932,0.19101917561564,0.265690529155602,-0.0172327903305225,0.0393777887407205,0.140710226487374,-0.0520682992275775,-0.163408935270276,0.00486162718205797,0.0934841375482497,0.0328775615993142,0.179463814115022,0.027992954156573,0.0358965353427131,0.0304783434650848,0.0182980596574758,-0.0195409451698943
-5.81775042903827,4.2502735238854,5.59315231716797,2.4754237975278,2.89216512542326,-3.67780720739229,2.07226920345014,-1.28660126898954,-0.698024437927568,2.62205229722785,1.5931094726864,-0.907057130943516,0.558754673868552,1.33095391420794,-0.674938248937083,1.59272684082291,-0.0880751786001819,-0.388139347086203,-0.178706688429466,-0.364034534582979,0.364508238547574,-0.889261662258271,-0.378189122309228,0.0750842152086684,-0.103345752606041,0.351916276409062,-0.0340556977711604,-0.186934039310072,0.0831389078705052,0.555099783553911,-0.282909942098673,-0.21799594841072,0.288609330793978,-0.0268150200188466,0.401150369995139,-0.353390130309881,0.107512442374868,0.0345773010093924,0.0657706103918414,-0.251585917638002,-0.0311439816634533,-0.103112747917842,0.12769185253674,0.218268808272131,0.00617703917066475,0.0244021275456611,-0.0224140305678122,-0.0448819139162282,-0.112987130970996,-0.0407935973003126,0.0336192977468053,0.0875270617645154,-0.0227238201351299,-0.0218701407888073,0.0515571892895812,0.00067959948865718,0.0131115950862547,0.00729324492169791,0.00185931686994025,-0.00321496468197218,-0.00191017429683449,0.00200749546632595
-4.05745762343149,-0.0272542022488144,6.17145630082176,-2.25622739951319,2.5018063791536,-3.5627499489715,-1.73305250836024,2.25994461191817,-0.43639166126193,2.37140486086733,-1.95767874632322,-0.1371414378218,-1.0482348505797,0.991334477303405,-0.698033236018261,-1.7326651377913,0.42684973548508,-0.258388401361531,0.241031498694595,0.0153960955687819,0.391568903521645,0.954164042657076,-0.419047731737739,-0.0557700378629323,0.0555340476400336,-0.118822540341973,-0.0871404555591457,-0.111758961750535,0.00263525545093778,-0.623004682487809,-0.267915094820311,-0.126346271329526,0.166714640346816,-0.419488680459635,0.215134333653601,0.109562155675031,0.325491968841049,-0.0574585335011915,0.0888781258799661,-0.239576821880922,0.0166631316064193,-0.0649799009765537,0.00524228570113057,0.241933459071813,0.00338713262008384,0.0443823861614728,-0.0356518684958442,-0.0149804942003584,-0.111849936948636,-0.0382452592090065,0.00769479069714061,0.0898604548327456,-0.0214277299965559,-0.0210093844106659,0.0517252280220996,0.00397378735519266,0.00375403463513864,0.00736122656783765,0.000299372148506562,-0.00336600263143526,-0.00188693338391305,0.00194472698406977
-9.11215340619266,5.93422283621482,-5.60325937855344,-3.9872252620339,-2.76272362837971,-2.81251159307645,1.38631635587232,-0.519835680767857,2.52959552068024,0.915732797575353,-0.520790737182396,0.428756370334291,1.72750323746666,-0.875796776227181,-0.637209983379567,-0.43442749200298,0.730765958095503,-0.770274882023815,0.906067429253585,0.161656835665265,0.240948340183687,-0.516469103623638,0.313523243810857,0.191807708954447,0.131558440708641,0.0290956212405576,0.567046323361045,0.305784358251965,0.127214786486381,-0.230914228554717,-0.191902655648781,-0.367868568380874,-0.256844084467445,0.271589715453783,0.190587968107773,0.18891411277498,0.124467008757274,0.363080560323718,0.200088198089328,-0.0484637587715214,0.0259138800113015,0.000915212316674826,0.0745713315075013,-0.165653021032134,-0.149706256962539,0.0186413487702853,-0.188900015018737,0.115687893916319,0.0154099186059669,0.11975671161345,0.0652158403612166,0.174800295391389,0.121423913866606,0.0786238697035513,-0.0162384665229941,-0.029783099751529,0.0304738224137677,0.0337591722773961,-0.035249073607215,0.0136288242574079,-0.00663452332208548,-0.00186599845725248
-5.00885225302793,-6.60309725565911,-3.08921941024869,4.86483042673452,-2.21854427514997,-1.85994351630088,-2.10913294576229,-0.301546541182559,2.01045861165594,1.61284157670078,0.558047550663889,0.672824088205671,-1.42074003896348,-1.19897734932372,-0.623964367348209,0.535268066664545,-0.492022146220697,-1.02063869600523,-0.611042841807399,-0.482987442829587,0.266657481362669,0.593597150966821,0.321425799665655,-0.226146853130819,0.059579988121436,0.121146272164995,0.574349129213709,0.194999769144441,0.231288083201234,0.0926257916530915,-0.235862867492101,0.389418287814247,-0.035233645427531,0.0903583837366771,0.325228698118857,0.090209424578078,-0.242150375655995,-0.328140610882404,0.235959461189619,-0.0997022275432812,0.0308051530721985,0.111879004072229,-0.187593622712356,-0.0427040734218026,0.0843761967225982,-0.150991233457938,-0.0333020317998985,-0.183534645323316,0.0610216652477458,0.100716925558921,0.060711872091222,0.113873052564267,-0.143078064877636,0.132755282747004,0.0076441537593746,0.0149806558654916,-0.0599280131501028,0.0174513743815124,0.0472962340897784,0.0182307536800685,-0.00824414007961355,-0.00230521771058218
-9.13737320913278,8.30157139973557,-1.75169188105168,0.148538675325736,-5.13586826411465,-1.17442181421029,1.2479116563692,3.61737766707144,0.327483287367742,-0.147803469146944,0.608334633694467,1.67612459611965,0.151684796494024,1.38615845434385,0.792153446304181,0.0380364116817967,-1.30119384795584,-0.335569909906993,-0.763769111392354,0.168589223148023,0.0840855640920586,0.00966955950805048,-0.584025503673152,0.216944406386284,-0.172577238178481,-0.466968142313984,-0.397991407582817,-0.0209662184494716,0.0105543351599162,-0.155718709429394,0.190423234003739,0.345543499939788,0.237357241863001,0.0813587101462471,-0.00322197226925081,0.000148525146922234,-0.2086081314536,-0.126349291178989,0.182439315198942,0.100705361569793,0.154491729236993,-0.181301498507166,0.229744120237632,-0.0176745363146621,0.166628970793791,0.181609195307141,-0.15353725293365,0.152843589052611,0.052498325611973,0.086412830814772,0.141211892916105,0.125154423594642,0.141096241444791,0.064111035296478,-0.00489661474941434,0.008846495025021,0.0102972179298375,0.0208579046018498,-0.0141121004675483,-0.000188915975274756,-0.00103825277612276,-0.000617831436970928
-3.34830437961701,-6.93366306611159,0.861204787454344,0.931203617201262,-4.80920161088063,-0.16617524922975,-0.890694991487462,-3.06608605214109,-1.18870673590611,1.3372778475409,0.0115539484699172,2.04303996301724,-0.314064158281794,1.34885027160212,0.578832831558639,-0.0209057434571962,1.40311293310152,0.114517135611169,0.353546014241233,0.717078261707039,0.170460307592849,-0.0760319099567092,-0.60198654580068,-0.16860566979313,-0.485673932421135,0.0517492513633636,-0.320461254434782,-0.169681673782331,0.0752936435869,0.213879030110981,0.247826350709144,-0.282167569610562,-0.325975769903934,0.0408104883078324,-0.140721768507961,0.113773476872062,0.000492412645768808,0.159932830027232,0.0917400099014712,0.154574757632861,0.16433871781045,0.0516911601538854,-0.0885767777693071,0.146546385442215,0.110133533748766,0.262539308138749,0.0522369072811653,-0.217612728182425,0.0945471759808993,0.0851845021401179,-0.0582047915279388,0.118399241855464,-0.163477298316799,0.150150257012095,0.00377122245162816,0.0251783450915897,-0.0126060177575739,0.0169675741634524,0.026139027107791,0.0013700936353425,-0.00156423069690934,-0.00079865957767607
-7.8530640744223,7.55426821175026,3.01249856293107,4.04806640784209,-1.65386065544042,-1.86373960610576,2.23166703965415,0.604263707672556,-2.18983084115633,-1.12915072469153,0.565411461853221,0.748482866041267,-1.31643555403882,-1.37448692575238,-0.894611938453757,-0.534269686595469,0.420821053092022,0.929297328390235,1.01883135085793,0.0877747392496996,0.0502424780194552,0.323137698537739,0.400154181240491,-0.416235681774362,0.2286955067681,0.0558187422431516,0.545049546062558,0.0402253831991788,-0.114523138291612,0.311916601875708,0.478103660491327,-0.314470266308203,-0.0209352969697031,-0.0124995970869868,-0.227747106143732,-0.341800293560591,0.112519023126859,-0.383299552511719,0.172420322788339,-0.283460642487011,-0.097838134060794,-0.14069479121082,0.136337545956921,-0.0377410899730513,0.258901836425672,0.124626581447287,-0.025174468970052,0.0655742901633132,0.0276334895920713,0.0526402825303443,0.00530678724727154,0.052439659584328,0.0584812327944856,0.00706770919515879,0.00567545448565893,0.0215260854721458,-0.0059033343797574,0.00461593433901654,-0.00414755748674752,0.00383336763386234,0.00168170743203874,-0.00167524114431623
-3.15124760053744,-4.26169728416736,4.75261545206127,-3.23874547511575,-2.09481037708553,-1.5545031095882,-2.04159112053691,0.0501120476486946,-2.69471378245636,-0.335817551754493,-0.248509377083907,0.900122715749136,1.68651507655096,-0.579006262595741,-1.14209157574331,0.526175361232278,-0.520374454635885,0.678977296770301,-0.802440327134401,-0.882275048508621,0.139274408296894,-0.245597739993799,0.336548397276474,0.406637058339662,0.234515953136468,0.123597508419999,0.604198792069847,-0.0359181138370431,-0.15303012460508,-0.236493886629633,0.318297055312775,0.341225532634202,0.263958373605569,-0.322159154630203,-0.195564053612747,0.0882767732168191,-0.0640924531797648,0.440005910926077,0.0249125281384712,-0.271732761197941,-0.129446836250707,0.11611481938667,-0.0748222864956103,0.0799615774979728,0.00935254571666385,0.361894614829466,0.0524345079390572,-0.0637734237626945,0.0543462212812209,0.0444593686313339,0.0270645668528427,0.0158771557683369,-0.0800455795019146,0.0374172394268897,0.00166079213753777,0.0100530676901307,0.0204785882336797,0.00395316191767834,0.00662678494627034,0.00489248436599305,0.0017462380032781,-0.00177264566620739
-13.2898830637335,-2.77556677747385,-4.53294411637298,-0.285308919296117,2.95092180689473,0.913946811099474,0.526653213044854,0.596824750151298,-2.18311744049118,0.109421232537836,-0.0100203138790968,0.659089276562925,0.152831274159211,-0.0555745261521129,0.780494869597147,0.072896766785541,0.0882454876536866,-1.02959477843298,0.100770569433906,0.1882680306983,0.16192416182524,0.0457270090519123,0.518520273102367,0.0137644533066936,-0.175073681014732,-0.156959036501927,0.462221983629785,-0.322996922701297,-0.0966902279122535,0.0237078366327316,-0.147898585136533,-0.0494252469827091,0.152426232654559,-0.168772665880558,-0.0445594232376761,-0.094397009697203,0.0636511844207066,-0.0226918445319656,-0.0651093836714878,0.378251989989109,-0.0548371753538599,-0.0448868030319552,0.0700894399097609,0.121767854742609,0.0283143549003497,0.0225428681643781,0.13944849603383,0.108172746936461,0.0973932090748475,0.105699814513857,0.001089556929622,0.0902360529124524,-0.0721427508699819,-0.0884135018193608,0.0475226441779613,-0.0601993594235742,-0.000290832660549266,-0.185388746647639,-0.0467564226195054,0.11774395034918,-0.172046171583642,-0.0733740755665286
-13.8124387732298,-2.06901467769097,0.939442347889104,-0.554560379300736,1.90330933256963,3.54560859214601,0.828232503170602,0.359237395016675,0.669817054015482,-0.00535995379561874,0.30452940350737,1.24840534780925,-0.0516620030362427,0.330864733411324,-1.48617107565515,-0.0434142422060878,0.186708198018299,-0.205303220761444,-0.154831517364509,0.015751538742271,0.10213967067778,0.0180853396577983,0.180398271859073,-0.00484265486390219,0.34701235503848,0.358890031462889,-0.653448730747253,0.35039242096414,-0.328107126525304,0.0211297528183384,-0.0699120464903174,0.0628653705203541,-0.0606968662925128,0.047655184197196,-0.0923065984867327,-0.0270747355399125,0.016744061864604,-0.0145162650322549,-0.0593116241667532,-0.0446115915928613,-0.00422548808162338,0.023905322262207,-0.0264677952329107,-0.1123580408525,0.0422299282547271,0.0632830193987116,0.0693040133677528,-0.00530316954920802,-0.344675331472078,0.297757305554657,0.0583094662170212,-0.00459981407791594,-0.0519266544471,-0.0072974169172808,-0.0551145612571695,-0.0972842964360521,-0.0623556121848142,-0.0217047946192197,-0.0012339593048169,-0.22570914903409,-0.0340659329715813,-0.0949356203597539
-11.0748923618619,-0.084340032238448,5.90106466675398,-0.319396880338414,1.70955992766098,0.281825747714978,-0.342976936965154,-0.500680043951535,2.09917219779114,-0.615475735446945,0.214010743707557,0.996217099862337,0.0197118084281493,0.100532707819833,0.968958700096799,0.0289681274061306,-0.0945424430642206,0.591521230717627,0.240512039889849,-0.420694785562689,0.0265342004453681,0.027885546345592,0.611147107349297,0.0799302393938002,0.0415031796843142,-0.097230106524748,-0.0332184197758165,-0.380405884655395,0.321330448147333,-0.0257720167763657,0.171634004450258,-0.0337311741025278,0.0224439111960083,0.0355943110060855,0.151246588793991,0.0907978540338776,-0.0149722574568479,0.0278800524001246,0.0613052232680761,-0.0522972829772773,0.160901866014569,-0.0883739524363853,0.0482840721605459,0.268224935211824,-0.0727724680183071,-0.0948913660232195,-0.0315543214367562,-0.0234645639930321,-0.115100454679564,0.0484634420792448,-0.00999108638017466,-0.0416746803416449,0.0134557225880579,0.00916216149096489,-0.165707768803879,0.109587828299871,0.0154421410560275,-0.0375206000441493,-0.00921165010335357,0.133165249954977,0.12976672375329,-0.16003849370858
-1.61416792518052,2.39560537046436,2.3362668431631,0.170939443194645,1.9847559561461,-1.70445609680263,0.944620210064597,0.790068089550636,-0.213400494786828,1.21953007140858,0.0199604464946235,-0.872852666498009,-0.256337761167021,0.605426421043019,-0.56138352730089,-0.0558247787986988,-0.31802101912128,-0.16548740613671,0.454018308397362,-0.295219038978967,0.566682983789637,0.0528486298652199,-0.129102508997434,-0.0768815876908241,0.482264019477955,0.0108493208581283,0.0729079146107985,-0.892199832901713,-0.303823164910081,-0.0188921656645873,0.15993461874052,0.236831129076851,-0.603993276639413,0.641905625100173,-0.237255138636415,0.470781652106612,-0.407051679116553,-0.0797180394176937,-0.143103735371224,0.15627425810929,-0.440179025645578,0.0643249126437714,-0.0423251740885194,0.188848076645531,-0.0323776082983769,0.127562345034941,-0.132735288766282,-0.0153769246742981,-0.031006995706949,-0.00436812916160065,0.0216186087547796,0.0104606082073015,-0.0120702298732914,-0.0185783832514848,0.0187556327726047,-0.00224594970114201,0.00466967476243622,0.00445834294702606,0.000333983568173231,-0.000221582963559949,-0.000733846759659613,0.000961165281948675
-14.3208242121267,0.357314845324055,-2.68215228360057,-1.45089482354125,1.84294197833619,3.11291700466308,-0.585517763362108,-0.126053321997139,-1.24738739663225,1.32398315389694,1.08177245643544,0.380874022154783,-0.601033373249599,-0.248332282355195,-0.608378112781371,-0.281960135036584,-0.438850721631868,-0.338507588387307,0.23732646132082,0.406804724671801,-0.798744505950504,-0.0984105779724519,-0.138993678995997,0.773251220828444,0.103818786583698,-0.0643542625781232,0.069860810513082,-0.134057844899402,0.171173663712891,-0.0937059781631705,0.0028926200842977,-0.146375816263594,-0.268336542485938,-0.0314705187251199,-0.00511717900867396,-0.0922647030983373,-0.154833547266318,0.144405912548237,0.00461155843850998,-0.234519859532004,0.104723167951059,-0.176045512328938,-0.172298258939096,0.0420255198774888,0.189185182595874,-0.13413954862146,-0.245885633223038,0.047120001684089,0.156940424150837,-0.246418104166505,0.0980819924375754,-0.153885366187546,-0.157468002929116,0.0211314272156721,-0.0351891269404628,0.204520358129404,0.0349778131768225,0.127092513050755,-0.138370192113014,-0.0634239183071057,-0.060305390639267,-0.0325287565774604
-12.9235841631756,-5.23375702027199,-1.5178032998476,0.631620186644419,1.57428161044337,2.00609236073655,2.18507813891428,1.35110604447833,-0.539176103841726,0.447136180759095,-1.010870136399,0.382123080600796,0.690401520606345,-0.104979204508615,-0.433646433305802,0.266929057494813,0.595941336097706,-0.2111771338567,-0.547791700532632,0.0385737543892698,-0.58673420136285,0.0148307573831707,-0.0340317598975022,-0.849619663390157,-0.0438691532930012,-0.0851737042248435,0.0260249611948868,-0.198008793163212,0.218245110766408,0.0294541653801377,0.00918897040880698,0.121463000421128,0.163307946962129,0.183333933148172,-0.0579034701185621,0.199197169721084,0.00631344874212243,-0.0970971151227706,0.0382635734673436,-0.256061246541514,0.122531394316715,0.137551602183991,0.157016270594741,-0.0328792391365454,-0.238252007906563,0.0800808946864692,-0.0703260398821438,-0.203944249622467,0.160207174329761,-0.171263829039877,-0.170725956149101,0.057024943230969,0.230882727904452,-0.0758717891194348,-0.0758529469677298,0.157661778864245,0.113264310135788,0.066275770151881,0.174663231992942,-0.0607550323631295,-0.0646389240822588,-0.0345729999133884
-13.235679758178,2.14987268336725,3.4958309960214,0.845398435377343,1.07331704660946,2.77943730618055,-1.30422585564004,-1.05630459125281,1.41135296390116,-0.638053819804928,-0.367557534418641,0.594988888493415,0.424692001739803,0.382883455327857,-0.405166050728896,-0.210414724101154,-0.894909547482633,0.268213694752743,0.616399246417778,-0.0768856544988741,0.710088100706016,-0.228494642011519,-0.0866644439662192,-0.529172855372695,-0.0150959435440885,-0.0715499838103576,-0.0258690647900837,-0.0680002728996184,0.0638313392521227,0.0609677423141729,-0.00698399613885461,-0.0889553273288606,-0.0350676246418642,-0.43908705083785,0.219844817721036,-0.190140804957922,-0.174330309388155,-0.118196697573898,0.0364053770479267,0.188151119094725,-0.0859106211890008,0.15666453299345,0.0108149129253225,-0.169309817384724,-0.286224401265803,0.202197826214092,-0.131799054963106,0.0413745005349225,0.269612186692887,-0.137445407359179,-0.0871122562347274,-0.00146995414902943,0.0255383383236669,-0.0194392653073529,0.259832618571738,-0.0276326465477555,-0.22673101185751,0.0841512815466273,-0.0671562622735016,-0.0409700981554205,0.0205092594113117,-0.046878802094038
-11.5591289218172,-3.99343559600164,4.62284906011634,-1.60114752831873,0.398023589217955,1.24866464251327,1.3054823216474,0.432583117656019,1.87549712561488,-1.2619789019472,0.748246490145978,0.16418211419158,-0.546798392390945,-0.0339292035532464,0.0147525166195442,0.193181807359259,0.773148648781614,0.323944746467754,-0.331589913002784,-0.419815900605117,0.688249544588854,0.304509536824974,-0.231936671722591,0.617582323741993,-0.0738906307327206,0.138413767636884,0.129303950740598,-0.146997071125247,0.00955779106867951,-0.0683252648652797,-0.00350307506425617,-0.0212022721172356,0.258644289332908,0.193654790550167,-0.0608759647564718,0.0387872016482917,0.359196161795592,0.103755015289821,0.0136772243485007,0.187838920862589,-0.175143799787306,-0.0385773630062761,-0.0570931402375765,-0.120087955418596,0.338027435081243,-0.179096458172261,-0.0859308294895594,-0.111102679048026,0.267350038912284,-0.151323751502894,0.0325578851177208,-0.0121703011180429,0.0239710362098803,0.0158990234920641,0.165249237687736,-0.237112161615209,0.192954612866001,0.0575155362084146,0.0930452497426399,-0.0353275470113397,0.01988889281576,-0.0458616109586377
-12.0780594925467,6.25439128147649,-3.7310399498644,-2.46933106851779,-2.89952230264991,0.384514265348409,-0.917842444695508,0.559107044812066,0.593472092946579,1.97888595121287,0.955860802029587,-1.02211224975215,0.640986187718305,-0.199808400910208,0.532478653908649,-0.0819737990514285,0.525473839693203,0.836384858066488,-0.499986772298469,0.295467054156087,0.00576366639382132,0.659502156994474,0.343584387398632,-0.445427547700282,0.225930320415134,0.606240572868794,-0.0123987321291294,-0.287596913840882,-0.17665775370022,0.438057679071213,-0.218461149872303,0.0676906634671077,0.0173680959301507,-0.365948025466992,-0.0248975953109889,-0.0974052460917401,0.0256614899416012,-0.0382710903195796,-0.541467628528301,0.140757138720619,0.111322244611864,0.200543006271346,-0.231397607501704,0.122796950576769,0.0657870942961159,0.00809601662183641,-0.0456372135394152,0.0456992714531506,-0.00380688538038514,-0.0134130409047884,0.196114304223342,0.0979649702270072,0.228706879532936,0.16553140690713,-0.0170503296619886,0.0330198842808847,0.0507880110058958,0.0566676202882316,-0.0594457048109865,0.00237069199021114,-0.00930186532163591,-0.00353461983850331
-7.72189135619301,-8.22196565946186,-0.863215687895718,2.92625432376666,-3.09234864665054,-0.574188932117054,0.89274416751558,-0.504499514657721,0.588699857699538,1.81927099069884,-1.35075726764003,-0.455436227524081,-0.689076598183756,-0.185988643254628,0.284691814196032,0.0673324257124169,-0.767295327855641,0.641187290231475,0.0536163387313723,0.456700011684808,0.0299156142815951,-0.675520569001285,0.324478014863765,0.393868073957862,0.639177651160972,0.011072168497308,-0.0243136385776288,-0.170970556084361,-0.380957323572581,-0.433547269987548,-0.137928711361172,-0.120661187073053,0.2497927705775,0.0343487355855689,-0.133503748481544,-0.137291650729053,0.195376466333398,-0.0872301878324953,-0.419730352321704,0.129432106751866,-0.0511937782562655,-0.284342748169739,0.294568510227698,-0.154934488121544,-0.121223729617358,-0.0661675469089577,-0.00537526273089652,-0.0472907771985264,-0.0274635175084099,-0.039240627432791,-0.117936899276279,0.0721122550087843,-0.128550578571481,0.273548708194134,0.00420003308223916,0.0843718989673068,-0.0421695392710362,0.0334139009929127,0.0877073635541804,0.00728879528262868,-0.0111298926862757,-0.00404819057360197
-12.1100570017568,8.20027768932333,2.23934305867724,3.28633160929086,-3.35613122196076,1.26541003406405,-1.69938624434757,0.636163566138833,-1.17732216798242,-1.6623489134166,-1.73746373604195,-1.26386786212745,-0.669902954374501,0.279402274156283,0.0776401620357942,0.676869594931906,1.33202952469443,-1.00751271187653,-0.119319590467921,-0.799098694984739,-0.0751880247707663,-0.638136409970194,0.323795173389936,0.624864233259647,0.50453449440769,-0.0340075108853959,-0.489476126940437,0.0137672874697264,0.667499809609293,-0.0451580766960368,0.0593852961683007,0.0509668155218495,-0.334972920926154,-0.320002274703229,0.048090463782008,0.202285928305621,0.00202674626821587,-0.17624865618318,-0.168518257288038,-0.0885217763693897,-0.075233195156981,0.0722389848165793,0.165348134117446,0.00252630338575605,0.117204063174165,0.0195676509417738,0.17051518003061,0.0133656517246943,0.0834311781097473,0.0243197204419925,0.034761385391608,0.0152624500477157,0.083949851336167,0.0269794340937498,0.0366344125528719,0.0149457599107915,-0.0228836617176856,0.016627778437921,-0.0131814914480403,-0.00144491343338842,0.000786105564595979,-0.00220016476380851
-7.14516530485144,-7.75255783277167,4.98513718769262,-2.72746950848275,-4.4298104601447,-0.89364247195164,0.760588275247372,-1.16124161264216,-1.45939203708379,-1.32326939463109,1.27951534678215,-1.54017148126944,0.476997385769804,0.544897575441924,-0.147989711232246,-0.703078374563766,-0.97448301429204,-1.13767472538962,0.788364064286404,-0.357190464460416,-0.2739689298024,0.735006138576826,0.429665355933558,-0.563537637694651,0.0631203888181475,0.348054818582805,-0.540950742443594,0.0884820177322507,0.632186306098343,-0.115956926514891,0.136857086340398,-0.0767397257073846,0.290475721679588,0.439809079414047,0.136613666772968,-0.135934911158569,0.0419411887336229,0.109126817091273,-0.216706045381452,-0.0643457492564019,-0.0468639998350591,-0.127424927825822,-0.128370241189677,-0.00135818432864699,-0.0154643910276402,0.137300459860653,0.100294696976842,0.143074763751407,0.0724554773127759,0.00795477437066069,-0.0378831679604874,-0.0146004054649252,-0.060817498001797,0.074111330914115,0.0294435666695511,-0.0139513573870812,0.0343677225503213,0.0128220850504425,0.0217690426676752,-0.000689007883677468,0.000630496824204271,-0.00233184734159815
-11.6771992410473,-2.44216919915076,-6.21004946271404,-0.00410891440251135,2.94510656269052,-1.55903776720301,-0.253408696574671,0.0571340402756436,-1.94808287257572,-1.31794901173168,-0.010932941548793,0.117526600517193,0.00432262137394735,0.639017726797367,1.20179196714431,0.0344041306158159,-0.038200790185945,-0.187693243454144,0.056222241354833,0.245780805401764,0.89992734225392,0.0427952820187768,0.318423336209677,0.0416624218334919,0.0729076349761658,0.175282646150559,0.456685947033095,0.386025887639806,-0.185939944506598,-0.000776259766676295,-0.052480126939257,0.0719632944458235,-0.122200222418918,0.0970827570820289,0.420519070601978,0.168419071291397,0.0304988797180424,-0.0763788632078975,-0.272345115447873,0.0995638602633276,0.195677277931936,-0.116292741984191,0.0605571539646294,-0.0718808361187137,0.180172259004832,0.269893670863401,0.0528495519563781,-0.0445968169530586,-0.102823343417392,-0.0729927166779896,-0.0335807767651424,-0.0608723311430319,-0.0423361274677489,-0.179638508028619,-0.152893416396613,-0.0588840696716025,-0.0469785861361022,0.304943244555664,0.040069562220778,0.0119894302358001,0.0246548169177421,0.0144850945065264
-13.9793784448989,-2.62558665097752,-1.96849783318557,-0.489116390131565,2.49032208388061,2.94317057710403,0.974510990518467,0.711262089273045,-1.01577548597305,0.556364545951299,0.152611577651121,1.11405493276011,0.0770321122292832,0.00468302333891606,-0.788960712223402,0.00855248816424989,0.223319628849247,-0.941258490468328,-0.167378727162078,0.293949857863136,-0.496076704709922,-0.000415257247411023,0.380575097399245,-0.0518943752331684,0.155547246135845,0.0641124428037759,-0.161282537381383,-0.177559902913135,-0.158300006208035,0.00428154612508135,-0.248949730849592,-0.000370557754481898,0.0227438214298295,-0.012359114817147,-0.432046947889945,-0.107515387862937,-0.0986734469285088,0.0240460087744922,-0.0450931745408859,-0.182564590346437,0.212714989829967,-0.0705973285354644,0.0615244499900464,0.183808329734783,-0.0659213711192021,-0.05251943529224,-0.137469428451771,-0.0904424569442175,0.0236331913334939,0.185311943375014,-0.0483912028673305,-0.199780769116847,0.0710434098875627,0.0628946555796196,0.161313043131235,-0.206485352336033,-0.0665737370717655,0.0788501729133629,0.00876654039999402,0.157010391287532,0.099956990547655,0.078945756332275
-13.5252785114548,-0.395863193225007,-5.03442526374402,-1.8004238787623,2.43110979076448,0.87881693960993,-0.0855209571728328,-0.471176056090656,-2.13302579431683,0.626748770255539,0.574509673264579,0.313491159357716,-0.802404335790625,-0.429237835846482,0.82509651716855,-0.269261721419878,-0.257337292047619,-0.619776701860271,-0.191080890105335,-0.22166992831799,0.118242712874465,-0.243577665953351,0.126114232486635,0.254349707664392,-0.0257686355316396,-0.42856332692606,0.196917650609144,-0.208568836291299,-0.00195065511520916,-0.17626519958695,0.0942569943601543,-0.259051417389244,-0.0921773220962847,0.0219965612323345,0.0261506752983782,-0.353465502559615,0.176089287819335,0.0302706630483895,0.0941396407952177,0.204693358584778,-0.119725675375506,0.0219839786901187,-0.291541344956557,0.0165464022873721,-0.14039411404532,0.0384962597513318,0.132763611453738,-4.00475473147398e-05,0.0134127815294914,-0.0124289730680213,0.247329817355953,0.0857273497241219,0.155006830796299,-0.00543836657971661,-0.00333833955334723,0.122674832689609,-0.0744724600938475,-0.109660182217908,0.203637661495753,-0.126689505513303,0.116045160959665,0.0400963496711994
-12.3779991725971,-4.87433795775588,-4.06261541732331,1.37023278483989,2.32636982693946,0.323703456343347,0.88284529332451,1.45108622066555,-1.51465642899243,0.0773065697699364,-0.720713552888477,0.25121591093035,1.09042280796484,-0.137639038394598,0.752541761484279,0.389901557415897,0.266085271201854,-0.394974209740021,0.488749149319063,0.136744290596375,0.0194634293602101,0.291672440510845,0.126692649900295,-0.213555970085499,-0.353889787840679,0.084391764913186,0.165514455629565,-0.243665074900732,0.134231980417671,0.196042963201603,-0.0145009039698467,0.163463735751272,0.28849534887872,-0.223771060986515,-0.005785102846744,0.232592200114067,-0.0634183513967515,-0.00969576193567067,0.123157928290147,0.117579426097606,-0.240426945987259,0.118170701542402,0.207997384657402,-0.106833641986329,0.0933912891710664,-0.161442989988025,-0.00637147414326681,0.116493394803938,-0.0742815758897218,-0.0298534314827344,-0.163601225406943,0.0911323852135378,-0.16398715374804,0.155356335366769,-0.0300739863517949,0.044877513872979,0.121379836626785,-0.0284132973812835,-0.196385982085562,-0.140293001855011,0.122938527976532,0.0423184825097792
-14.2353321905155,1.26777037610803,0.511677693882705,-0.348978586358828,1.24083254629643,3.9350423523463,-1.13574523648252,-0.329555067199801,0.338220630398406,0.445528459074179,0.460412920512448,0.485923809136111,-0.135573541228568,0.427163519250615,-1.42390680978411,0.000871613231354332,-0.712629641732576,0.0815948259062433,0.707887235712701,0.437255240362417,-0.0250993956272832,-0.106369735129501,-0.199589871204721,0.161941888778288,0.138203530515833,0.0510167435855129,-0.17742214416729,0.573849648302657,-0.180245392682648,0.0342718842416423,0.0226704792445674,-0.22139783687967,0.054767144817151,-0.204337150795183,0.121565163787735,0.25471629273303,-0.497169679792282,0.00261733017302453,-0.0863396106093932,-0.00633435287995169,-0.137974921548656,0.0012241179294784,-0.0746812785950157,-0.0017336242466595,0.17226474511654,-0.0402218727997602,0.209360748546594,0.0122803367353501,-0.0251318411470385,-0.239256432581488,-0.118395350822698,0.290827934885225,0.106655924357671,0.00727719123082709,-0.142754027192858,-0.079867911606447,0.116270814644823,-0.112085468781604,0.0882782353779349,0.117852799441122,0.0246407256675311,0.0311411324708397
-12.6126458699074,-5.01662179241217,1.69565074038488,-0.531990591069678,0.685067583693659,2.41019190681414,2.40529912957904,0.811858783932433,0.935318284907683,-0.371574773973825,-0.175271495943056,0.208782179799663,-0.052565447250555,0.204634162363113,-0.974248686699981,-0.10501043252948,0.862547717081061,0.14199852356441,-0.999489539011152,-0.319712445453123,0.133876902782516,0.0763498173508646,-0.222677922643691,-0.202789334681455,-0.0490000208606053,0.179279524427201,-0.0438450993459565,0.30659088021282,-0.108674006207507,0.00623198561113118,0.110711065598957,0.359378367900273,-0.266250212237124,0.362085794219721,0.0102368374343107,-0.129152944320911,0.453545327436916,-0.0374765888367115,0.00295732757876415,0.0118829016832233,0.0122949367331933,0.00954096598494666,0.0526967873154561,-0.0375298300272593,-0.119527877398278,0.112327189684945,0.139848934621974,0.199442975722286,0.0160314995345097,-0.302471799441598,0.180845133612138,0.110004145874418,-0.165712555633198,0.0354116146769844,-0.0652603912851036,0.0699385169549924,-0.165023365062105,-0.0729061346741065,-0.127210812164911,0.118060383722351,0.0266446425643887,0.0327645737704778
-11.5939371531778,2.62197619925414,5.61750759259355,1.51627783451204,1.56524012739471,0.548956454490021,-0.76206556723948,-1.60011667918505,1.55324570708362,-0.622047876932341,-0.39354525143198,0.754615304952149,0.761405922868513,-0.0445398657367913,0.926104596946396,-0.534322184381071,-0.754347097748655,0.263981846818897,-0.039893197343799,-0.239156952402917,-0.0251953419436795,-0.00662286851523374,0.269119263791157,-0.331768041249353,-0.244490103536135,0.110638853951319,0.0819668065794471,-0.451089602886234,0.148859215047334,-0.151154075213252,-0.0117180772117982,-0.0603721341483852,-0.425089813947759,-0.129036290981974,0.079325564001471,-0.141190155287248,-0.0422126663291519,-0.0396921967109852,0.0435793431091955,-0.222445391535732,0.0957302368516423,-0.0119764755879772,0.324417716612311,0.0823801031234187,-0.0780753634908034,-0.0261700067426724,0.101356527637113,-0.0217733073582579,0.0424405906409749,-0.105862015420499,0.243656494726808,-0.114183658320048,-0.0967027582613865,0.119629434206846,-0.179697106767853,-0.252525853525475,0.104781146704432,-0.0488625802175713,0.0476911154574231,-0.0819911528530411,-0.0659288639707641,0.0756038242625033
-10.118456117021,-2.49021817999883,6.4653762490937,-1.99390055700206,0.960250912200408,-0.515949427572353,-0.1434501614335,0.491997530609355,1.90406228555526,-1.00644754687308,0.661894119528494,0.501886371020625,-0.609427661669085,-0.375199030224538,1.07065341525694,0.603124718882913,0.52489044908499,0.395704175386769,0.294550161527955,-0.0295065486780995,-0.0113960399681361,0.0224631933070398,0.155207264709882,0.384078526037404,0.170189901413733,-0.345932244062324,0.0865728002530736,-0.330706101792847,0.0904122404170359,0.099839252693154,-0.120558645508758,-0.020165857395981,0.383722039179569,0.224773450525003,-0.00336341692814991,0.25178750603388,-0.0434531665819472,0.0578661642570631,-0.000679391085260644,-0.21983543727589,0.0983671748242756,-0.0922336514973905,-0.264233022159043,0.167881597342029,0.0536925848512126,0.022842043944538,0.04668240936323,0.104488432914226,0.0134670146793744,-0.0280408794976993,-0.258770805688717,0.0747722143612318,0.154310510737967,0.0518209645272681,-0.09277991639807,-0.0529601925564083,-0.30466841093705,-0.0321359336700967,-0.0598989451443244,-0.0885889570169319,-0.0675022745328775,0.0771963555566963
-11.572909558702,0.921114342665496,-6.94892682450583,-2.86946040771043,1.91583701788613,-2.29361030381971,0.165424863049964,-1.99853913751836,-1.21278828480841,-0.997218494611507,-0.615552699240904,0.00458263037598861,-1.44478700733962,0.0699238523550759,0.71932004664469,0.276487994909757,-0.481653735093206,0.1550996796912,-0.607897077996521,-0.668305171414677,0.703062611534172,0.0272777972032273,-0.115561331682398,-0.39948149947905,0.0598346963101858,-0.370928346924415,-0.356481704911328,0.499990082735473,-0.368376768022505,0.0707169270513118,0.274522947057743,-0.371795587683412,0.000389951265466189,0.174402742532851,0.0532659168256839,0.230712633413192,-0.0351763031965768,0.157974218415422,-0.292337486438509,-0.405342501153067,0.126007341757326,0.346676300239366,0.159094980706751,0.0847932686069363,0.0569633387799372,-0.218296776361803,-0.238826032646208,0.0957009125167618,0.106263673177055,0.0514618501820417,-0.0194153287286977,-0.0082079673458729,-0.0432643165332962,0.0699026014645555,0.0784686476012043,0.0250985257426637,0.0144780778883809,-0.114610591053801,-0.0277423889561636,7.72954577588908e-05,-0.0108451579402646,-0.00501438173941134
-9.89935936085119,-5.0726772998211,-5.65725516839361,3.15754935543492,2.02837713116451,-2.36160492316406,-1.26245942911015,1.54436307899798,-0.546083593151052,-1.23025146822767,0.562652167710151,-0.407063024147354,1.42665058559867,0.385917841478445,0.565229898035145,-0.273441262155305,0.372014360265333,0.387790923993541,0.929194437819773,0.0823197206135354,0.449963786730899,0.026466091372987,-0.187966354307578,0.508083065574153,-0.362388526798846,0.402906008617418,-0.301877278315883,0.286574310510756,-0.263342844248751,0.0735022909929782,0.23077959895623,0.527350009322996,-0.239224505543951,-0.0184257721580507,0.0765215663787736,-0.0377271092415186,0.0161166195546641,-0.151083917271375,-0.110345219809019,-0.381311911264869,0.0287610532584587,-0.397833455744161,-0.203418829947842,-0.0443490829764322,-0.306465764821371,-0.116707032535429,-0.0437991116160853,-0.179812994025896,0.151957824477476,0.075129509796422,0.0268115270037346,0.0332632456580011,0.0831602259235075,0.0479835205991173,0.0740284992109412,0.0183156866057519,0.0304523080549762,-0.125710958870028,-0.00352518890958633,-0.000366556825057649,-0.0113677290083905,-0.00531191860765818
-13.8760740829677,3.50811808204188,-3.2829648758572,-2.18077242339805,-0.184617227646461,2.38437515794726,-1.61356061881026,-0.392560198857038,-0.76001104944337,2.08984953990496,1.42399114396464,-0.997405707893671,-0.558023630607806,-0.50031278926107,-0.00903279827712065,-0.294639369550323,-0.211141177713078,0.881664436007297,0.0765928724671609,0.254331135379102,-0.796476928353309,0.21532230514396,-0.473884720412317,0.464336382411574,-0.100293975004573,0.235448712859142,0.248654185099545,-0.268172404116573,0.444747451219074,0.1183418126618,0.120213885117034,0.330593966679232,-0.138573851531959,0.10366959097812,0.350537977195054,0.187982147244708,0.312919278000868,-0.0336352860896331,-0.0986552515069949,-0.0427902360797662,0.0923583807917307,0.161196084223258,0.323935684216049,-0.211219404735566,-0.0213158038146519,0.149034828891292,-0.155257383977969,0.0868073774754617,-0.0279191683803933,0.181535941737695,-0.175914134798726,0.0375191435694392,-0.106551200607811,-0.129054637114789,0.0386137613970932,-0.0934433687896202,-0.0590629101775677,-0.11684953988168,0.0953177797431018,0.0117864131644228,0.0224712154915924,0.00926922533985939
-10.9274475757396,-7.4613914465554,-0.989229798404295,1.88881295586359,-0.696190231099455,0.6486592300605,2.45191584913518,1.06831658695365,0.138407018759665,0.985405187719913,-1.84286642867757,-0.839773580471126,0.521555939787934,-0.294988148249055,0.0646655809351211,0.228677247532267,-0.1048907654861,0.925436698627804,-0.384284313343868,-0.00764789988879301,-0.594181588468374,-0.384682860287403,-0.378110846346837,-0.518416189006597,0.206160128743282,-0.400109195219091,0.152434018711353,-0.0736991956967925,0.302490162256727,-0.245998402146014,0.173648208885401,-0.398611886335152,0.0512674275601304,0.032209505015391,0.448245469840298,0.11243201616372,-0.231574348176368,-0.028344374437213,-0.172769208482136,0.00153039370594582,0.0176888131071502,-0.207917948378129,-0.340759538218787,-0.0958008575550323,0.177745379541895,0.0580473266836692,0.0102314032505293,-0.198413349466169,0.0387946281878097,0.175111949618898,0.183310802621766,-0.0206404732781958,-0.0264271137710203,-0.146902940551292,0.0316852575146194,-0.118136180217481,0.00124284251848529,-0.0752440184952547,-0.129512646110669,0.0063032325791792,0.0232176950239497,0.00927099338865318
-13.2627730675945,5.54926717082002,3.10876358460859,2.33297666811921,-0.820804977253636,2.60391231990755,-2.43092913581675,-1.09407581256994,0.271096839769241,-1.07430143166936,-1.46757916821364,-0.964201081431951,0.40894463516483,0.306111555679727,-0.182820959060934,0.132225906124488,-0.252959301206846,-0.522070352391215,0.365245890252567,-0.0198140557976155,0.599618440904065,-0.445474786369756,-0.555998211493445,-0.443473734209222,-0.0105650062268447,-0.476265971941143,0.421744730120159,0.030994492561241,0.181984295880936,0.178773878751074,-0.119055152679202,0.296491901694445,0.171487504174874,0.0776310574577807,-0.540262969645396,-0.222926962609727,0.331150629255337,-0.0382147619675459,-0.126648977136109,0.0179970633200652,0.148615949024153,-0.0696077688632111,-0.357373363134315,-0.0426115376411029,0.0817297825696194,0.033350916754531,-0.384471726051775,0.0520104597883543,-0.17567437130071,0.0210310546320604,-0.0501230364292169,0.0179716863899369,-0.0914116686314656,-0.0197484807334784,-0.133955604683847,-0.0131912587674042,0.0826758646294874,-0.0519599646747199,0.0323780968454488,0.0159111355750171,-0.00178126101054078,0.00722725743498617
-9.87762906243414,-6.44326733436427,5.29715920638381,-2.56000573121288,-1.91389207276293,-0.0118567963578801,1.6689575421607,0.245452141166829,0.793324107032138,-1.72990255708658,1.21006182151863,-1.50661190384276,-0.579462283816379,-0.150620814128748,0.217694403758431,-0.100255766045639,0.192464797921483,-0.543576826129677,-0.0330712096944868,-0.105764161298664,0.393314427752326,0.464747871057067,-0.578368534253595,0.358546238148434,-0.427262885707604,0.237997501663318,0.437624723807212,0.0734978374709301,0.117960043312249,-0.18413923011493,-0.0537358152467818,-0.288684976890075,0.0106352193383364,-0.303502414541996,-0.404357499822641,-0.17808642932585,-0.42207026493165,0.0469024353800812,-0.175336692932221,0.0158195446603014,-0.0371483307563562,0.0915691924643044,0.334862411681821,-0.14320724855864,-0.0989641227488078,0.00425261036573678,-0.138800849742906,-0.373117483694967,-0.130560192810581,0.0428904555160122,0.0904410446264646,0.03632727705627,0.0437518810944679,-0.0786791559257427,-0.107996881297787,0.0858634193083712,-0.108686233608993,-0.0431438955998822,-0.0552831722346534,0.0146231003986024,-0.00199265886738107,0.00804394424704389
-8.84070072925437,4.42739097513017,6.41960798617733,2.95603633160962,2.23393069697448,-2.43302397821133,0.91025601689902,-2.10504730843698,0.0208528842416295,0.925812283517595,0.567601846495647,0.0344308266237596,1.00087698664857,-0.0465260180960403,0.623316027492357,0.0715849061159104,-0.301776006293937,-0.0980199888866464,-0.832279520857433,0.177511998052006,-0.715750933947749,0.073061749690369,0.196911567723264,0.226914631860097,-0.615241500092718,0.305276695373713,-0.124443869897787,0.649761617847167,-0.0618433702824333,-0.439931298773953,-0.172884331772804,-0.294173506590455,-0.0511899949233292,-0.0936555274937526,-0.261692507630484,0.422276782215129,0.258227541926155,-0.469467006826846,-0.0288082694926955,0.0934053511386167,-0.377852703801075,0.045378313634061,-0.175818197165389,0.0486221885194864,0.0260342465234773,0.193359054389985,-0.195842117621942,0.0510476469149949,0.132226213004634,0.0634002486792219,-0.0649724273949008,-0.0951723099607889,0.0371321262006276,0.0300621791980118,-0.0829076380568337,0.0127643448515137,-0.0349332566648105,-0.0124571807430473,-0.00731992412052884,0.0102987085295465,0.00700974950211799,-0.0076935661166097
-6.69906319180684,-1.72501060196493,7.34914364787514,-2.96044292930211,1.54641625366767,-3.06419402067941,-1.80703523712877,1.7811862762708,0.340210532685261,0.656531023132847,-0.748221556514696,0.3697402218571,-0.834173858573627,-0.318836031165808,0.477016500454445,-0.0362694245997614,0.417173892914643,0.0629232213356237,0.257527801996777,0.723774210570528,-0.565549434929181,-0.185658766807407,0.148865456710165,-0.229587902237667,0.0420921127843384,-0.610384108024445,-0.213114423884151,0.590309232342442,0.00131126098900646,0.48769461009155,-0.306759244298099,0.398929692152621,-0.0865243647639099,0.184779630843681,0.20966670681701,-0.526574782695905,-0.101170297646794,0.30652395685517,-0.13422861479762,0.0743304414037236,-0.4777432149741,0.0552048046144116,0.160775560293987,0.00157719229468115,0.0790659271828862,0.111659826673609,-0.0889472252679176,-0.129915926537492,0.157715189956781,0.0594550015253086,0.0218671140812547,-0.117499609855039,0.0189521280939371,0.0376649473329001,-0.0979845274898301,-0.00679420336870554,0.00768725825706099,-0.0153914372327288,0.00261630418331619,0.0112009391258547,0.00713975676054866,-0.00773563508847946
-11.5137095020339,4.7955806892056,-5.81449662796888,-4.04127820376884,-1.40623038930866,-1.4032513978419,0.141213592818384,-1.16748524821829,0.754960617864013,1.61069889706631,0.31492308940813,-0.483151590737531,0.334643888186733,-1.33576654812782,0.344036340637116,-0.650681185249732,0.710749630928467,0.372857429278098,0.103315156131578,-0.750916466309481,0.366833325211119,-0.471270363630078,-0.080799221312403,-0.586315072096349,0.108889100127844,0.325408818175499,-0.402099244751682,0.193386081749116,0.0279736977298838,-0.0341698170418213,-0.370721835991013,0.266352171405447,0.238528559097217,-0.141148511698233,-0.351749384422831,0.181016255485365,-0.362682722068388,-0.0396959893362584,0.191284375569272,0.12189952960022,0.0375338490903035,-0.394907058761712,0.137958650088278,0.149482340184276,0.189834189005811,-0.00906300316467611,0.0651041582032431,0.0358449943398656,0.139922818103814,-0.0617664651137115,0.015031935312279,-0.104682093844586,-0.185659705390087,-0.165574745552718,0.00586334237907222,0.0631564447963849,-0.0696491158909235,-0.0571452921559226,0.0859626357997916,-0.0358957976862986,0.0190892618247939,0.00540406048582563
-7.97615425143814,-7.42357112023199,-3.30959046697305,4.53288973987725,-1.19648647976235,-1.62222082604791,-0.702072121270521,0.838268550906391,1.0503740339287,1.42018149979857,-0.660641985050043,-0.225318009916212,0.0268128064924548,-1.1422783052648,0.0581524378782608,0.710334732096328,-0.833507405108834,0.241239231987855,0.44713567689246,-0.529234232221415,0.144265209301322,0.525893034443634,-0.179424962527048,0.524137808681747,0.334507514275702,0.12989821857613,-0.330613467332285,0.232135649585987,-0.029920845293929,-0.0218783444197767,-0.267074498703575,-0.213937280916037,-0.244862559726545,0.203204526689628,-0.331688459264961,-0.371824208897755,0.144449071338444,0.0612716457673062,0.101603220461024,0.165523113530285,0.280749128044806,0.209156994146403,0.0781025797039692,0.301202965692246,-0.0492973405455375,0.232635601636132,0.0984980229709568,0.0416944193148466,0.147678624060322,-0.0129923406347374,-0.126645101355315,0.0320629785138862,0.0885191978717384,-0.209642122485179,-0.042475700441539,-0.0243033875965673,0.123886490904382,-0.0227055963075834,-0.110194700016209,-0.0481559121407993,0.0236844867087775,0.00662032185360407
-12.4503516284502,7.5772395724641,-0.787359031303304,0.392864027710617,-3.83465560429711,1.59503466464244,-1.94031538120071,1.48156749977297,-0.17367075444574,0.35659970807084,-0.222428890324857,-1.51581284880018,-0.0535873226088813,1.13919448077775,0.336793341498001,1.20391075918208,0.680986176244978,0.218793324511897,-0.554613300726916,0.0488876992447251,-0.0481321577296092,0.625050909985839,0.925830484287837,-0.158503938293787,-0.402538398266262,0.0434180481273089,-0.208344009141201,-0.198844805958926,-0.628807668130097,-0.397855205163734,0.00590990873781769,-0.334458900390308,-0.119592068952271,0.169255604362222,0.143506006439045,-0.335379949649591,-0.21498526373918,0.172464943913973,0.378206912031767,-0.0962061140684313,-0.0602678154669592,-0.107886727424849,-0.0902716920160627,-0.195886914405151,-0.0612245428238589,0.0145470142034979,-0.132597798194547,-0.00535830904805023,-0.0336912909840401,-0.0713282726821983,-0.154465666670255,0.00662088147928994,-0.134322691080897,-0.0830725100169911,-0.0194907612873396,-0.0261586693654182,-0.0025067305447062,-0.0344637830378488,0.0288339327347245,0.00803934550038,0.00318639858415566,0.00223572606951929
-7.57721239485354,-8.50056800707306,2.19850206752275,0.0973192933122937,-4.50956320074816,-0.223645240115163,1.70888566679508,-1.53736930009775,-0.469812712670901,0.443267991605043,-0.238447572620277,-1.3048384948336,-0.432904468104317,1.10048353062244,0.196906668492721,-1.27366771400608,-0.646667206337269,0.0343818656023401,0.350805571487791,0.379924582887314,-0.0477259789311233,-0.555215816445598,0.893315530456653,0.326769009324974,-0.0225995385395896,-0.302790652501111,-0.243692225731184,-0.150111848785601,-0.452394125157917,0.533822175309999,-0.221254880827931,0.294876437073825,0.0989777596290827,-0.15997801856609,-0.0505103648911591,0.351970305270925,0.21810381904389,-0.0607444462154524,0.411552749720025,-0.142821244286721,0.0627570376507605,0.272899199382323,-0.0406614021799011,-0.107268393908281,0.0860729408148374,-0.0370688805592988,-0.0497760007531462,-0.12487888160831,0.0133678484560078,-0.0693263736728535,0.144295208251686,0.00349720082167165,0.0681027810707319,-0.154859825512114,-0.0232584897482811,-0.0225805235973496,-0.0132651815721526,-0.0255425262781871,-0.0480887234061992,0.00740419327326758,0.00412517900251251,0.00273592314774951
-10.3999835982243,7.26590626342789,4.71197675642261,4.58375345207408,-0.771800887408692,-0.855826672661893,0.391316916616519,-1.44452577154376,-1.42552435287463,-1.37812534562384,-0.761319039687783,-0.151462739742696,0.142421842437163,-1.60943475863144,-0.00940846465592053,-0.924461994234336,0.597634211170273,-0.398423412518337,-0.509416886232458,0.450619739104967,-0.245968246604596,0.416627209286233,-0.359015183397173,0.509578408799483,0.561616275189728,0.195333722880826,-0.179109131066958,0.0746515518116887,-0.308957345731143,0.347127623083284,0.299609969217611,-0.02358798144708,0.510452628788872,0.135982845755465,0.383654575075961,0.114498431802907,-0.265573057077875,0.123929915064431,0.120013876460724,0.352678500880927,0.107597404594724,0.0159374120534405,-0.0259960429878885,0.179770631485201,-0.376409760726578,-0.00108047748720334,-0.168562925644635,-0.041023828794676,-0.0436106977922242,-0.0859982197645013,0.0615168363225123,-0.0451201222156848,-0.088999570049735,0.00821990504637329,-0.0279012592333261,-0.0627762388292838,0.0211041239741107,-0.00845472714861556,0.00947003821111793,-0.0118119787629994,-0.00577814385548588,0.005717129286191
-6.22177274266909,-5.14738061660107,6.72895822015235,-4.17824905168739,-1.77018937647664,-2.24298562310361,-1.54071755114065,0.946754089633783,-1.34257461586005,-1.21241527719091,0.557102985596509,-0.231271834107287,0.417397250280008,-1.33715984694436,-0.330251934424901,1.01006529142183,-0.585969100077089,-0.445665178432539,-0.00250660827299213,0.575907992822464,-0.215700456602347,-0.488477010744835,-0.208789867885905,-0.653081627646785,0.257227865614459,0.401922794782715,-0.219266406613351,-0.0439549417132155,-0.279735271030618,-0.276891812944562,0.399729827190293,0.0735288179090377,-0.432294843559768,-0.212021137450746,0.198137448918936,0.0736857056675233,0.388574575315087,-0.0548698128450103,0.203192285985697,0.338002811580849,0.107132249322829,-0.0801675085328441,0.0677366979973435,0.192379379462152,0.160313588288516,-0.345619021738952,-0.140462002264706,-0.115930277046982,-0.0512589044436566,-0.0529318818957765,-0.0788028310330636,0.0520810034341104,0.103259531094218,-0.0316863258743397,-0.0133415998959129,-0.0199846740265031,-0.0700398506730517,-0.00633534754679324,-0.0133898112452454,-0.0136630626848163,-0.00597752768223761,0.00590645563285466
-8.9787096082153,4.00701858070497,-6.72513049905938,-4.14837119030617,-0.669356127261346,-3.79347643241841,1.32769516826464,-2.36245229648662,1.9018282271944,-0.880613857525184,-1.76501055165967,0.282617203458635,-0.00840468491233246,-0.327084008557161,-1.40397824382661,0.594569455903955,0.119264293891713,-0.35384773177124,0.783746786874697,-0.232526114257732,-0.664214916777194,0.0678106355947308,0.00822459897107882,0.392444673681523,-0.864684198056199,-0.136438238650177,-0.126298669150266,-0.383166952456843,-0.350395533683336,-0.228723677382921,0.265965946616629,0.349953636311442,0.189434970564625,0.0130101394789793,0.227374058420459,-0.301754823653111,-0.0730009114750413,-0.335464263504922,-0.233707929183922,0.0884499824249796,0.101388627812055,0.178684751518342,-0.0616719949374645,0.0646801848347104,0.171598555465062,0.12275395244439,0.0750950875994763,-0.0854039013618288,-0.0987652289614342,-0.0996763451455235,-0.0330276133676074,-0.127301441697797,0.014280991605354,0.0166287974625532,0.0224949242617778,0.0132353957446356,-0.000889168242517763,-0.020230195296523,0.0056605710063723,-0.00300729742986172,0.00168454492183159,0.000544941543638283
-6.1114758767325,-5.57023224027029,-4.77172961406658,4.97672666813732,-0.119763895987138,-2.93973181810325,-2.88021231678987,0.971691720820562,1.91508673603686,-0.418515251723858,1.8746069447131,-0.196011200925591,0.0234448347276981,-0.489120317602901,-1.1824751009709,-0.607614653794245,0.174292774195933,-0.492341679576703,-0.427434718415691,-0.811959920161443,-0.404737108283103,-0.00923586386438159,0.0428516928833955,-0.272087362809525,-0.377711457789755,-0.79636483824946,-0.143580489921009,-0.2527881252965,-0.275483897449315,0.444272658149598,0.153660240396898,-0.370857805094983,-0.0692625980025713,-0.222051926243639,-0.0136319876341976,0.352705405992168,0.212562281104596,0.269763085302073,-0.195792935000935,0.133359187967178,-0.0297662092582417,-0.282800810174764,0.131085802944677,-0.130431094253412,0.0219433223995445,0.182013464201389,0.00557883270157043,0.0290274879161774,-0.133614028654975,-0.102142215485628,-0.034263077585535,-0.123622379143383,0.0690731814200742,0.0143704400348992,0.0192135654706531,0.00584088751940606,0.01228690267202,-0.0151882621460454,-0.00707567037576887,-0.00306557380862273,0.00185306646045503,0.000629751872095912
-9.16342341603671,7.16662964816579,-3.8966954827449,-2.28222819991114,-4.17764006030021,-1.70260017096466,1.12410013023964,1.85431897842728,1.76965418404453,0.95492687901312,0.476876623019384,0.881985273545746,1.52968250278891,0.447047093170701,0.396660740558568,-0.27619993489399,-0.408634169021282,-0.49468525358841,-0.450777889955642,0.782283390638457,0.423347595182084,0.238239549074547,-0.101164583747664,0.164709655429547,0.604083081951112,-0.344377906772734,0.157481732387924,0.0912127236419627,0.221725899291239,0.353062713528511,0.365677470822202,-0.228058237279995,-0.0917288079845197,-0.114953219652052,-0.129213433902448,-0.0675850667048303,0.221159556039927,-0.166897711452921,-0.126869726801304,-0.196736466870637,-0.204928765217315,0.143928278550951,-0.126528229339249,0.0706420847428983,-0.0867392904248075,-0.171101566920563,0.251538713859824,-0.197019432312226,-0.0519724653745373,-0.100392026416873,-0.189166306287368,-0.200966978638934,-0.202625494049298,-0.106488501632969,0.0193262920753306,-0.00619044824266118,-0.028504483823388,-0.0361633686614672,0.028210657227735,-0.00331575018813055,0.00325868770421008,0.00113721024183918
-4.19322616718368,-6.93977231259738,-1.24339393895513,3.20909528477684,-3.72651313003093,-0.743732442929149,-1.09342623342113,-1.89029474173455,0.703187330675547,1.94827280745032,-0.184864057401063,1.37527923406455,-1.46430010031564,0.0931337348249305,0.303740916241925,0.331776218886865,0.440676128710439,-0.370476576194487,-0.170791938783913,0.868175181202315,0.40731671473791,-0.266921469290899,-0.0394921549853648,-0.19058863124297,-0.160456728831417,0.60744807834958,0.167323919827981,-0.0828805985947967,0.174739954903606,-0.341277925662951,0.400604237006582,0.233859403557157,0.205691174657714,-0.0571672512339763,-0.0438216698577502,-0.0386125021656029,-0.100524723669796,0.17681089974176,-0.15087434877017,-0.196568091591802,-0.287706794647643,-0.0456500555227541,0.0185094787514887,-0.0225289178106192,-0.120136564083187,-0.0949222058186095,-0.0369700637701793,0.314671831645388,-0.114385282453175,-0.0874348546607248,0.0584124532035346,-0.180185770452936,0.221986941784144,-0.22960071340765,0.00320560640005318,-0.048082755947968,0.0410378247830562,-0.0252309933698324,-0.0476100427033018,-0.00653297980714861,0.00440283412811717,0.00151335300811664
-8.74518625479295,8.5042788116679,0.660405680183175,2.64109230477038,-4.31238004231673,-1.20273699105069,1.6422924603149,3.09490593495412,-1.48502554635082,-1.42481590057217,0.273500918107184,1.68176497354816,-1.63052744292346,0.282724941213819,0.0245700932651524,-0.254745986739928,-0.494568586196057,0.413607154754645,0.627219931147025,-0.903813650985645,-0.499177983437394,-0.56752566208347,-0.184057569907893,-0.246785047920636,-0.538022659020826,0.594819673843093,0.207606369140866,0.0269771616466961,-0.0533451038029406,-0.113363515894228,-0.609911733113407,0.00984510025298804,-0.0651791625289539,0.0235101864800981,0.0751173164700652,0.198228991843954,0.123942835366722,0.315853609402575,-0.210499879000696,0.107142597105465,-0.00982907041111931,0.154727211110485,-0.218965391124036,0.0314063312840616,-0.199238840070139,-0.152894000351436,0.065655774273024,-0.0959609157076265,-0.04707376334034,-0.0491574187654992,-0.0593552092804847,-0.0749505835744196,-0.0803564081234018,-0.0264064008278298,-0.00513995313774232,-0.00790868560606499,0.00180888456266206,-0.00927913873903878,0.00603911757886228,-0.000767833882750531,-0.000227088973386074,0.000597061643747453
-3.12228101954518,-6.14558360985023,3.02562794641798,-1.58867228430657,-4.38499639657838,-0.541828960653903,-1.29807880556922,-2.3454680185805,-2.77855088627055,0.0741275481813363,0.365096537789358,1.71718706243129,1.59295472624915,1.01274232274207,-0.318696887852045,0.189205072893318,0.624687649510905,0.55213351926947,0.123126951461366,-1.03580844979735,-0.275579126989852,0.573801562828997,-0.34069879970703,0.153039121280304,0.417357828241192,-0.657822863614016,0.22265943592527,0.036065720278841,-0.124446126138862,0.02399852025766,-0.553342523207308,-0.054552436242745,-0.116862721350634,0.169604815547526,0.140787575239392,-0.105334770167339,-0.11691206751556,-0.404455525201503,-0.0873781941536145,0.0917733728474629,-0.0690691912706625,-0.0674234017677451,0.117234270705789,-0.110385705995806,-0.0850935376086508,-0.310117955850852,-0.0687774930523638,0.117555090111162,-0.0874866424586646,-0.0448663356750829,0.016565968548456,-0.0598839295553583,0.102001057008825,-0.0778655713991898,-0.00525178812739307,-0.00734848600121164,-0.00462212832481852,-0.0076227129412101,-0.0114425350633992,-0.00161738848800468,-0.000204802754347223,0.000739739124990357
-6.69153257713165,5.99964564203006,4.63374265368658,3.87139496061574,1.17221429525741,-2.91119334995973,2.63540258245723,-1.33701383341822,-1.64210426341357,0.764234662383567,1.51399457984356,-0.342600159972454,0.17237934563834,-0.836212465711771,-1.10169852914211,0.59534393064616,0.177958543696955,0.560678566965105,0.021951105106518,0.976321803675911,0.829473732645717,0.436728571073365,0.354289321509191,-0.0693526257456722,-0.179838712513813,-0.999813846204135,-0.387426062224676,-0.00366692877560786,0.390899787593467,-0.547806668512423,-0.175201904780493,0.424530573713432,-0.168376581779256,-0.159955160494962,-0.0774550568062429,0.094816255196936,-0.0526595876258165,0.298143079724028,-0.123750125600831,0.109742816597533,0.23145582972104,0.0817306422534317,-0.0518041251044782,-0.155919486236245,-0.0397303267035275,-0.132364461826279,0.116668780353345,-0.00969339071133769,0.00632884935216428,-0.00817658163053692,-0.00827714139140165,-0.0186988676157566,-0.00775634954174362,-0.000455907007887439,0.00114889062031037,-0.00265357435934783,0.00338418609601717,-0.000877773368162805,0.00143962457103364,-0.000947787341924916,-0.000706597321154126,0.000813788918329677
-3.44556283192887,-2.11792715357459,5.78367629504696,-3.44717912906712,0.572775024712844,-2.72238746829543,-2.41596062924236,2.0817143390293,-1.53372754294161,0.727549807186605,-1.54863711575238,0.290241317565741,0.0958365972968283,-0.785390625152216,-1.18287582903573,-0.50872276576553,-0.350148079272654,0.425223705247349,-0.834707630217279,0.472909709285171,0.764140970709154,-0.470516113228739,0.404121369417264,0.379177753644295,-0.901498996212993,0.337668305819331,-0.203192214693509,-0.158645227588857,0.456973624116377,0.506196346329326,-0.0258290973852198,-0.405489418515039,0.00609808327421427,0.418697252411687,-0.176016263438485,0.0238791300080015,-0.217373017917073,-0.267440497544162,-0.0733638121869118,0.1191799925398,0.196629271761972,-0.028684800798718,-0.0311046177564355,-0.200608436692034,-0.0640502728671689,-0.135328931461637,0.0570423177611793,0.0874968299862652,-0.0152882564876413,-0.00806460055941597,-0.00463791452572119,-0.0156129371390224,0.0141309658746429,-0.0101831252051346,0.00672022766138924,0.000524599203475064,-0.00119913336110948,0.00042771741245194,-0.00143312747332408,-0.000798354372037311,-0.000715517282722008,0.00083481239426562
-8.51667946157288,-1.29743666186834,-6.41880075944601,0.241449449793431,1.94693620126765,-3.28391811003444,-0.784751996011535,-0.580297239679792,-0.0699389905170631,-2.5989361946493,0.149672805018538,-0.209582277604847,-0.300069630432128,1.45617667624923,-0.273797245639122,-0.0749510572061238,-0.0421185542466435,0.583455745506677,-0.464851685577993,0.803588525171711,-0.0770268133684774,-0.0631177881145091,0.0444532841075813,-0.0909887568082904,0.679467144617158,0.435265903463881,0.338813565315706,0.0944059770390487,0.446432220183207,-0.152319881939288,-0.392856160533983,-0.0192839607187264,-0.0658660530896133,0.143713678891128,-0.0274559377399481,0.00400594338819055,-0.105237921848879,0.0158817427324981,0.333024812569918,0.137002211873209,0.10066807785008,0.0289582195045974,0.0106238917745919,-0.0410471647987036,0.143102704825462,0.224689150976605,-0.0101541962995542,-0.086780166563627,-0.188431430956992,-0.164338112357612,-0.0450298931256565,-0.227805845866484,0.12994560737544,0.168067947908374,0.13612383402602,0.0502463258856877,0.0367826879897354,-0.187464142997931,-0.0207066133837647,-0.00717483640999552,-0.00745429421888474,-0.00446051011283579
-12.7050026751366,-1.06358150804455,3.81120234934783,-0.448876208776437,1.49444551494317,2.34305557416994,0.168646483203491,-0.219339951467127,1.88592820246031,-0.726532424413344,0.307504498946073,1.0977211959795,-0.0493375565070692,0.29550600516004,-0.390215200326864,-0.0182874876422244,-0.0254344190210625,0.464654113429711,0.152682599199803,-0.381011542956554,0.646613915094138,0.0496099021723807,0.286412080654293,0.0781826120586736,0.187962297823372,0.186813859348044,-0.389148530633744,-0.12328999029794,0.0453933594033599,-0.00736928264137097,0.109134118994663,-0.0547443538527374,0.100406441009039,-0.0889731291773423,0.315364691221197,0.00330417554932456,0.147863720076303,-0.00800359629491851,0.0889049074185166,0.238417951414097,-0.110686769858055,0.0400564327454369,-0.0260074263039563,-0.069035669269396,0.012947933731359,-0.0144230849772727,-0.0593568143025594,-0.0270226179680859,-0.0203055452789811,0.302387400459256,-0.0147127818290738,-0.137150957203738,-0.0158631849788431,-0.0880140272847773,0.0194977293044256,0.320638788458872,0.163548786481708,0.0254507415658482,0.00613560472615616,0.0710837138108315,-0.0610242329783811,0.13004573153181
-8.54945821839077,1.04900482236807,6.95749430980052,-0.134309637162324,2.51494298503672,-2.2238882287511,-0.43293018964479,-0.267623308340475,1.289514941408,0.929088526981901,-0.00259135570614708,0.558426079886051,-0.0529258774376624,0.617358025240121,1.24116759263965,0.0046241693954125,0.074487253429845,0.182304928416253,0.150515652065455,-0.387624286500654,-0.999984309649342,-0.0204883775584352,0.638776772231642,-0.0103255383174016,0.0287320268938006,-0.111371310316405,0.192142369185338,0.512564748873445,0.186698952910819,0.0349396451340966,0.397323051816013,0.160424524122342,-0.0902922417156699,0.0854691404975642,-0.356657020969317,0.00266199450215601,-0.151873271708137,0.0395723372808135,-0.113566994783653,0.139226460966492,0.16525124743781,-0.0154388332912528,0.00336533275621676,-0.00977568553555288,-0.0449000761649973,-0.06795700934053,-0.0308474392089407,-0.054007744764778,-0.28225543145111,-0.12531118576972,0.068475320249943,0.272229422190333,-0.0867340029050484,-0.128268176800679,0.310172161367764,0.0219146479114179,0.0649547954672199,0.0576306454292957,0.00937769638895313,-0.0265173645857977,-0.0239725723217694,0.0289765797981053
-5.33933589492375,2.01780671815968,6.08749051730154,0.0701101232301427,3.09888718059885,-3.51062289477775,0.133249242648205,0.365230952164826,0.106459923729449,2.63228027859918,-0.148600002663025,-0.419373778659396,-0.313622065259577,1.70137580451401,-0.0107900826486658,-0.0607892325365392,0.201912560498166,-0.464150635450842,0.324844886527871,-0.747869726607597,-0.339923294180367,0.0168502319116566,-0.306245720972883,-0.099370724237998,0.462039812586139,0.330052898688562,0.347980438584156,0.070778249208511,-0.278949031446857,0.045904303724458,0.482083917392699,0.0523938254878783,0.066751439773206,-0.103932625510884,-0.178564254458793,-0.0308302958736347,-0.0909611799894077,0.092748938077929,0.0930821497388322,0.224292916260849,0.348786509105824,0.0891295581334374,-0.0830253848576452,-0.462958797564151,0.0129321473297139,-0.1432013060432,0.176226570873718,0.0888534635566232,0.241925504113737,0.0872825298920029,-0.0580241262545793,-0.196460898774379,0.0588505172001081,0.0717237191061747,-0.152701862504811,-0.0110634572356882,-0.0305654923351849,-0.0248569073447806,-0.00360654390140807,0.00814348887792814,0.00647379307602842,-0.00752549316615278
